Timestamp_IST,Changed_By,Parameter_Category,Parameter_Name,Old_Value,New_Value,Source,Intended_Impact
2026-09-26 11:13:47,TestScript,Risk Multipliers,Swing Target Multiplier,3.0,3.3,AI_RAG_OneClick_AutoTuner,Increases overall strategy Profit Factor from ~1.85 to ~2.15 by letting winners run.
2026-09-26 11:13:47,TestScript,Risk Multipliers,Trailing Stop Activation Gain (%),3.0,2.8,AI_RAG_OneClick_AutoTuner,Guarantees a floor at +0.5% profit once gain exceeds +2.8%.
2026-09-26 11:13:47,TestScript,Preset Weights,Intraday: Volume Surge Weight,35.0,38.0,AI_RAG_OneClick_AutoTuner,Elevates win probability for rapid morning momentum scalps.
2026-09-26 11:13:47,TestScript,Preset Weights,Long-Term: Dividend Yield Weight,15.0,20.0,AI_RAG_OneClick_AutoTuner,Biases long-term ETF/stock accumulation towards high dividend payers (Tier 1 >= 3.0%).
2026-09-26 11:13:47,TestScript,Risk Multipliers,Overbought RSI Exit Threshold,76.0,77.5,AI_RAG_OneClick_AutoTuner,Lets high-conviction breakout trades run until complete exhaustion.
2026-09-26 11:13:47,TestScript,System Reset,All Parameters,Custom/Optimized,Factory Defaults,GUI_Reset_Button,"Reset all weights, risk multipliers, and schedules to initial baseline."
2026-09-26 11:14:19,TestScript,Risk Multipliers,Swing Target Multiplier,3.0,3.3,AI_RAG_OneClick_AutoTuner,Increases overall strategy Profit Factor from ~1.85 to ~2.15 by letting winners run.
2026-09-26 11:14:19,TestScript,Risk Multipliers,Trailing Stop Activation Gain (%),3.0,2.8,AI_RAG_OneClick_AutoTuner,Guarantees a floor at +0.5% profit once gain exceeds +2.8%.
2026-09-26 11:14:19,TestScript,Preset Weights,Intraday: Volume Surge Weight,35.0,38.0,AI_RAG_OneClick_AutoTuner,Elevates win probability for rapid morning momentum scalps.
2026-09-26 11:14:19,TestScript,Preset Weights,Long-Term: Dividend Yield Weight,15.0,20.0,AI_RAG_OneClick_AutoTuner,Biases long-term ETF/stock accumulation towards high dividend payers (Tier 1 >= 3.0%).
2026-09-26 11:14:19,TestScript,Risk Multipliers,Overbought RSI Exit Threshold,76.0,77.5,AI_RAG_OneClick_AutoTuner,Lets high-conviction breakout trades run until complete exhaustion.
2026-09-26 11:14:20,TestScript,System Reset,All Parameters,Custom/Optimized,Factory Defaults,GUI_Reset_Button,"Reset all weights, risk multipliers, and schedules to initial baseline."
2026-09-26 11:15:22,TestScript,Risk Multipliers,Swing Target Multiplier,3.0,3.3,AI_RAG_OneClick_AutoTuner,Increases overall strategy Profit Factor from ~1.85 to ~2.15 by letting winners run.
2026-09-26 11:15:22,TestScript,Risk Multipliers,Trailing Stop Activation Gain (%),3.0,2.8,AI_RAG_OneClick_AutoTuner,Guarantees a floor at +0.5% profit once gain exceeds +2.8%.
2026-09-26 11:15:22,TestScript,Preset Weights,Intraday: Volume Surge Weight,35.0,38.0,AI_RAG_OneClick_AutoTuner,Elevates win probability for rapid morning momentum scalps.
2026-09-26 11:15:22,TestScript,Preset Weights,Long-Term: Dividend Yield Weight,15.0,20.0,AI_RAG_OneClick_AutoTuner,Biases long-term ETF/stock accumulation towards high dividend payers (Tier 1 >= 3.0%).
2026-09-26 11:15:22,TestScript,Risk Multipliers,Overbought RSI Exit Threshold,76.0,77.5,AI_RAG_OneClick_AutoTuner,Lets high-conviction breakout trades run until complete exhaustion.
2026-09-26 11:15:22,TestScript,System Reset,All Parameters,Custom/Optimized,Factory Defaults,GUI_Reset_Button,"Reset all weights, risk multipliers, and schedules to initial baseline."
2026-09-30 23:26:54,Autonomous_DualLogic_Agent,Dual_Logic_v4_2,Optimal_Weights_Applied,Unoptimized Baseline,"{""debt_eq"": 0.48, ""drawdown"": 0.15, ""asset_moat"": 0.33, ""interest_cov"": 0.05, ""macro_grid"": 0.17, ""ai_resilience"": 0.08}",Autonomous Agent Backtest Daemon,Enforce >=10% CAGR bear market resilience and physical moat allocation
2026-09-30 23:29:23,Autonomous_Agent_Daemon,Dual_Logic_v4_2,Optimal_Weights_Applied,Unoptimized Baseline,"{""debt_eq"": 0.42, ""drawdown"": 0.17, ""asset_moat"": 0.25, ""interest_cov"": 0.19, ""macro_grid"": 0.07, ""ai_resilience"": 0.1}",Autonomous Agent Backtest Daemon,Enforce >=10% CAGR bear market resilience and physical moat allocation
2026-09-30 23:30:05,Autonomous_Agent_Daemon,Dual_Logic_v4_2,Optimal_Weights_Applied,Unoptimized Baseline,"{""debt_eq"": 0.44, ""drawdown"": 0.15, ""asset_moat"": 0.23, ""interest_cov"": 0.13, ""macro_grid"": 0.11, ""ai_resilience"": 0.08}",Autonomous Agent Backtest Daemon,Enforce >=10% CAGR bear market resilience and physical moat allocation
