Ticker,Name,Asset_Class,Success_Probability_Pct,Historical_5Y_Trades,Avg_Gain_Pct,Profit_Factor,SR_Fidelity_Rating
KOTAKNIFTY,Kotak Nifty 50 ETF,ETF,72.8,12,5.9,1.75,⭐⭐⭐⭐⭐ Elite (72.8% • 4.9★)
KOTAKNV20,Kotak Nifty 50 Value 20,ETF,72.8,18,5.3,2.95,⭐⭐⭐⭐⭐ Elite (72.8% • 4.9★)
UTINIFTETF,UTI Nifty 50 ETF,ETF,71.2,32,5.6,1.55,⭐⭐⭐⭐ Reliable (71.2% • 4.2★)
ICICILOVOL,ICICI Alpha Low-Vol 30,ETF,71.2,20,3.2,1.35,⭐⭐⭐⭐ Reliable (71.2% • 4.2★)
NIFTYEQL,DSP Nifty 50 Equal Weight,ETF,71.2,12,5.6,2.15,⭐⭐⭐⭐ Reliable (71.2% • 4.2★)
MASPTOP50,Mirae S&P 500 Top 50,ETF,69.2,26,2.38,2.9,⭐⭐⭐⭐ Reliable (69.2% • 4.2★)
ICICINIFTY,ICICI Nifty 50 ETF,ETF,68.0,22,5.0,2.15,⭐⭐⭐⭐ Reliable (68.0% • 4.2★)
MON100,Motilal Nasdaq 100,ETF,66.7,33,1.51,2.37,⭐⭐⭐⭐ Reliable (66.7% • 4.2★)
LOWVOLIETF,ICICI Nifty 100 Low Vol 30,ETF,66.7,21,1.66,2.44,⭐⭐⭐⭐ Reliable (66.7% • 4.2★)
TATAGOLD,Tata Gold ETF,ETF,66.7,12,2.03,2.63,⭐⭐⭐⭐ Reliable (66.7% • 4.2★)
AXISSILVER,Axis Silver ETF,ETF,66.4,30,4.1,1.55,⭐⭐⭐⭐ Reliable (66.4% • 4.2★)
HDFCNIF500,HDFC Nifty 500 ETF,ETF,65.6,17,3.95,1.65,⭐⭐⭐⭐ Reliable (65.6% • 4.2★)
MONQ50,Motilal Nasdaq Q 50,ETF,65.2,23,0.77,1.43,⭐⭐⭐⭐ Reliable (65.2% • 4.2★)
MAFANG,Mirae NYSE FANG+ ETF,ETF,65.0,40,2.29,3.18,⭐⭐⭐⭐ Reliable (65.0% • 4.2★)
SETFSILVER,SBI Silver ETF,ETF,64.8,30,3.8,1.95,⭐⭐⭐⭐ Reliable (64.8% • 4.2★)
KOTAKGOLD,Kotak Gold ETF,ETF,64.0,13,5.45,2.45,⭐⭐⭐⭐ Reliable (64.0% • 4.2★)
GOLDBEES,Nippon Gold BeES,ETF,63.2,19,0.65,1.89,⭐⭐⭐⭐ Reliable (63.2% • 4.2★)
SETFGOLD,SBI Gold ETF,ETF,62.5,24,4.28,6.27,⭐⭐⭐⭐ Reliable (62.5% • 4.2★)
HDFCMOM30,HDFC Nifty200 Momentum 30,ETF,61.6,30,3.8,2.35,⭐⭐⭐ Moderate (61.6% • 3.2★)
ICICIGOLD,ICICI Prudential Gold ETF,ETF,61.6,12,3.8,2.55,⭐⭐⭐ Moderate (61.6% • 3.2★)
NIFTYQLITY,SBI Nifty 200 Quality 30,ETF,61.5,26,1.8,2.58,⭐⭐⭐ Moderate (61.5% • 3.2★)
KOTAKALPHA,Kotak Nifty 200 Alpha 30,ETF,60.8,29,5.45,2.05,⭐⭐⭐ Moderate (60.8% • 3.2★)
QUAL30IETF,ICICI Nifty 200 Quality 30,ETF,60.0,20,0.91,1.83,⭐⭐⭐ Moderate (60.0% • 3.2★)
HDFCNEXT50,HDFC Nifty Next 50,ETF,60.0,25,0.74,1.59,⭐⭐⭐ Moderate (60.0% • 3.2★)
MAHKTECH,Mirae Hang Seng TECH ETF,ETF,59.6,52,0.63,1.42,⭐⭐⭐ Moderate (59.6% • 3.2★)
KOTAKSILVE,Kotak Silver ETF,ETF,59.2,19,3.35,2.45,⭐⭐⭐ Moderate (59.2% • 3.2★)
NV20IETF,ICICI Nifty50 Value 20,ETF,58.8,17,1.08,1.59,⭐⭐⭐ Moderate (58.8% • 3.2★)
HDFCNIFTY,HDFC Nifty 50 ETF,ETF,58.3,24,0.43,1.45,⭐⭐⭐ Moderate (58.3% • 3.2★)
HDFCSILVER,HDFC Silver ETF,ETF,57.1,7,0.89,1.57,⭐⭐⭐ Moderate (57.1% • 3.2★)
MID150BEES,Nippon Midcap 150 BeES,ETF,56.0,27,5.15,2.25,⭐⭐⭐ Moderate (56.0% • 3.2★)
TATASILV,Tata Silver ETF,ETF,56.0,33,3.35,1.45,⭐⭐⭐ Moderate (56.0% • 3.2★)
MOVALUE,Motilal Enhanced Value,ETF,54.5,22,0.36,1.25,⭐⭐⭐ Moderate (54.5% • 3.2★)
MOM500,Motilal Nifty 500 ETF,ETF,54.4,15,4.85,1.85,⭐⭐⭐ Moderate (54.4% • 3.2★)
SETFNIF50,SBI Nifty 50 ETF,ETF,54.3,35,0.36,1.34,⭐⭐⭐ Moderate (54.3% • 3.2★)
HNGSNGBEES,Nippon Hang Seng BeES,ETF,54.3,46,0.44,1.31,⭐⭐⭐ Moderate (54.3% • 3.2★)
HDFCGOLD,HDFC Gold ETF,ETF,53.8,13,0.7,1.82,⭐⭐⭐ Moderate (53.8% • 3.2★)
JUNIORBEES,Nippon Junior BeES,ETF,53.6,28,1.14,1.7,⭐⭐⭐ Moderate (53.6% • 3.2★)
HDFCSML250,HDFC Smallcap 250,ETF,52.6,19,0.49,1.33,⭐⭐⭐ Moderate (52.6% • 3.2★)
ICICIB22,ICICI BHARAT 22 ETF,ETF,52.4,21,0.78,1.56,⭐⭐⭐ Moderate (52.4% • 3.2★)
AXISGOLD,Axis Gold ETF,ETF,52.0,30,3.8,2.55,⭐⭐⭐ Moderate (52.0% • 3.2★)
NIFTYBEES,Nippon Nifty 50 BeES,ETF,51.7,29,0.6,1.5,⭐⭐⭐ Moderate (51.7% • 3.2★)
DIVOPPBEES,Nippon Dividend Opp 50,ETF,50.0,26,0.54,1.26,⭐⭐⭐ Moderate (50.0% • 3.2★)
SILVERIETF,ICICI Silver ETF,ETF,50.0,8,1.66,1.99,⭐⭐⭐ Moderate (50.0% • 3.2★)
SILVERBEES,Nippon Silver BeES,ETF,48.8,43,0.3,1.29,⭐⭐ Speculative (48.8% • 2.1★)
MOMENTUM50,Nippon Nifty 500 Momentum 50,ETF,47.8,23,0.06,1.04,⭐⭐ Speculative (47.8% • 2.1★)
ALPL30IETF,ICICI Alpha Low Vol 30,ETF,46.9,32,0.17,1.13,⭐⭐ Speculative (46.9% • 2.1★)
NEXT50IETF,ICICI Nifty Next 50,ETF,45.5,11,0.07,1.03,⭐⭐ Speculative (45.5% • 2.1★)
SMALLCAP,Mirae Smallcap 250,ETF,45.5,22,0.16,1.11,⭐⭐ Speculative (45.5% • 2.1★)
MIDCAPIETF,Mirae Nifty Midcap 150,ETF,44.4,36,-0.02,0.99,⭐⭐ Speculative (44.4% • 2.1★)
ALPHAETF,Mirae Nifty 200 Alpha 30,ETF,42.9,7,0.04,1.02,⭐⭐ Speculative (42.9% • 2.1★)
MOM30IETF,ICICI Nifty200 Momentum 30,ETF,38.1,21,-0.51,0.71,⭐⭐ Speculative (38.1% • 2.1★)
CPSEETF,CPSE ETF (Nippon),ETF,37.0,27,0.01,1.0,⭐⭐ Speculative (37.0% • 2.1★)
HDFCMID150,HDFC Nifty Midcap 150,ETF,28.6,7,-1.12,0.53,⭐⭐ Speculative (28.6% • 2.1★)
INDIANB,Indian Bank,Stock,75.0,24,2.57,3.51,⭐⭐⭐⭐⭐ Elite (75.0% • 4.9★)
AJANTPHARM,Ajanta Pharma,Stock,72.7,33,2.97,4.29,⭐⭐⭐⭐⭐ Elite (72.7% • 4.9★)
TATAMOTORS,Tata Motors,Stock,71.2,18,3.8,1.35,⭐⭐⭐⭐ Reliable (71.2% • 4.2★)
IPCLAB,IPCA Laboratories,Stock,70.4,17,3.65,3.05,⭐⭐⭐⭐ Reliable (70.4% • 4.2★)
TORNTPHARM,Torrent Pharmaceuticals,Stock,70.0,20,1.55,2.74,⭐⭐⭐⭐ Reliable (70.0% • 4.2★)
TVSMOTOR,TVS Motor Company,Stock,67.9,28,1.58,2.37,⭐⭐⭐⭐ Reliable (67.9% • 4.2★)
DIVISLAB,Divi's Laboratories,Stock,66.7,39,1.42,2.54,⭐⭐⭐⭐ Reliable (66.7% • 4.2★)
PETRONET,Petronet LNG,Stock,66.7,36,1.85,3.0,⭐⭐⭐⭐ Reliable (66.7% • 4.2★)
SBIN,State Bank of India,Stock,65.6,32,1.44,2.7,⭐⭐⭐⭐ Reliable (65.6% • 4.2★)
POLYCAB,Polycab India,Stock,65.6,32,1.67,2.1,⭐⭐⭐⭐ Reliable (65.6% • 4.2★)
MEDANTA,Global Health (Medanta),Stock,65.0,20,1.76,2.37,⭐⭐⭐⭐ Reliable (65.0% • 4.2★)
ZOMATO,Zomato Ltd,Stock,64.8,18,4.4,1.75,⭐⭐⭐⭐ Reliable (64.8% • 4.2★)
AMARAJABAT,Amara Raja Energy,Stock,64.8,22,5.6,2.15,⭐⭐⭐⭐ Reliable (64.8% • 4.2★)
JBCHEPHARM,JB Chemicals & Pharma,Stock,64.8,24,5.6,2.75,⭐⭐⭐⭐ Reliable (64.8% • 4.2★)
CHOLAFIN,Cholamandalam Inv,Stock,64.7,34,1.55,2.11,⭐⭐⭐⭐ Reliable (64.7% • 4.2★)
FACT,Fertilisers and Chem Travancore,Stock,64.3,42,2.22,2.24,⭐⭐⭐⭐ Reliable (64.3% • 4.2★)
FORTIS,Fortis Healthcare,Stock,63.3,30,1.38,2.03,⭐⭐⭐⭐ Reliable (63.3% • 4.2★)
LTIM,LTIMindtree,Stock,63.2,12,5.3,2.35,⭐⭐⭐⭐ Reliable (63.2% • 4.2★)
MAXHEALTH,Max Healthcare Institute,Stock,61.3,31,1.48,2.12,⭐⭐⭐ Moderate (61.3% • 3.2★)
ASTERDM,Aster DM Healthcare,Stock,60.0,25,1.54,2.02,⭐⭐⭐ Moderate (60.0% • 3.2★)
TUBEINVEST,Tube Investments of India,Stock,60.0,24,3.5,2.75,⭐⭐⭐ Moderate (60.0% • 3.2★)
VEDL,Vedanta Ltd,Stock,59.5,37,1.53,1.91,⭐⭐⭐ Moderate (59.5% • 3.2★)
CASTROLIND,Castrol India,Stock,59.5,42,0.97,1.88,⭐⭐⭐ Moderate (59.5% • 3.2★)
JSWSTEEL,JSW Steel,Stock,59.3,27,1.05,1.79,⭐⭐⭐ Moderate (59.3% • 3.2★)
KAYNES,Kaynes Technology,Stock,59.1,22,1.76,1.81,⭐⭐⭐ Moderate (59.1% • 3.2★)
RBLBANK,RBL Bank,Stock,59.1,44,1.44,1.65,⭐⭐⭐ Moderate (59.1% • 3.2★)
CANBK,Canara Bank,Stock,59.0,39,1.27,1.79,⭐⭐⭐ Moderate (59.0% • 3.2★)
ICICIBANK,ICICI Bank,Stock,58.6,29,0.71,1.79,⭐⭐⭐ Moderate (58.6% • 3.2★)
MCDOWELL-N,United Spirits,Stock,58.4,30,3.2,2.15,⭐⭐⭐ Moderate (58.4% • 3.2★)
GUJGASLTD,Gujarat Gas,Stock,58.4,18,3.8,1.95,⭐⭐⭐ Moderate (58.4% • 3.2★)
BHARTIARTL,Bharti Airtel,Stock,58.3,24,0.65,1.59,⭐⭐⭐ Moderate (58.3% • 3.2★)
PNB,Punjab National Bank,Stock,58.3,36,1.01,1.68,⭐⭐⭐ Moderate (58.3% • 3.2★)
MANAPPURAM,Manappuram Finance,Stock,58.3,36,1.2,1.65,⭐⭐⭐ Moderate (58.3% • 3.2★)
KARURVYSYA,Karur Vysya Bank,Stock,58.3,24,1.44,1.93,⭐⭐⭐ Moderate (58.3% • 3.2★)
UNIONBANK,Union Bank of India,Stock,58.3,36,0.87,1.48,⭐⭐⭐ Moderate (58.3% • 3.2★)
ELGIEQUIP,Elgi Equipments,Stock,58.3,36,1.6,1.82,⭐⭐⭐ Moderate (58.3% • 3.2★)
MCX,Multi Commodity Exchange,Stock,58.1,31,1.58,1.96,⭐⭐⭐ Moderate (58.1% • 3.2★)
CHENNPETRO,Chennai Petroleum Corp,Stock,58.1,31,1.08,1.5,⭐⭐⭐ Moderate (58.1% • 3.2★)
JIOFIN,Jio Financial Services,Stock,57.9,38,0.88,1.69,⭐⭐⭐ Moderate (57.9% • 3.2★)
TITAN,Titan Company,Stock,57.1,35,0.75,1.59,⭐⭐⭐ Moderate (57.1% • 3.2★)
ULTRACEMCO,UltraTech Cement,Stock,57.1,35,0.77,1.64,⭐⭐⭐ Moderate (57.1% • 3.2★)
ADANIENSOL,Adani Energy Solutions,Stock,57.1,42,0.93,1.43,⭐⭐⭐ Moderate (57.1% • 3.2★)
NYKAA,FSN E-Commerce (Nykaa),Stock,57.1,42,0.93,1.44,⭐⭐⭐ Moderate (57.1% • 3.2★)
IDFCFIRSTB,IDFC First Bank,Stock,56.8,44,0.79,1.51,⭐⭐⭐ Moderate (56.8% • 3.2★)
AUROPHARMA,Aurobindo Pharma,Stock,56.8,37,1.13,1.74,⭐⭐⭐ Moderate (56.8% • 3.2★)
BANDHANBNK,Bandhan Bank,Stock,56.4,55,0.77,1.44,⭐⭐⭐ Moderate (56.4% • 3.2★)
RADICO,Radico Khaitan,Stock,56.2,32,1.27,1.67,⭐⭐⭐ Moderate (56.2% • 3.2★)
GAIL,GAIL India,Stock,56.1,41,0.87,1.61,⭐⭐⭐ Moderate (56.1% • 3.2★)
UPL,UPL Ltd,Stock,56.1,41,0.94,1.73,⭐⭐⭐ Moderate (56.1% • 3.2★)
CEATLTD,CEAT Ltd,Stock,56.1,41,1.19,1.71,⭐⭐⭐ Moderate (56.1% • 3.2★)
VOLTAS,Voltas Ltd,Stock,56.0,50,0.83,1.52,⭐⭐⭐ Moderate (56.0% • 3.2★)
TATASTEEL,Tata Steel,Stock,55.9,34,1.03,1.77,⭐⭐⭐ Moderate (55.9% • 3.2★)
BANKBARODA,Bank of Baroda,Stock,55.9,34,1.2,1.86,⭐⭐⭐ Moderate (55.9% • 3.2★)
SCHAEFFLER,Schaeffler India,Stock,55.8,43,1.03,1.65,⭐⭐⭐ Moderate (55.8% • 3.2★)
DLF,DLF Ltd,Stock,55.6,45,1.01,1.61,⭐⭐⭐ Moderate (55.6% • 3.2★)
PHOENIXLTD,The Phoenix Mills,Stock,55.6,27,1.54,1.81,⭐⭐⭐ Moderate (55.6% • 3.2★)
BRIGADE,Brigade Enterprises,Stock,55.6,45,1.41,1.77,⭐⭐⭐ Moderate (55.6% • 3.2★)
APOLLOTYRE,Apollo Tyres,Stock,55.3,38,0.91,1.6,⭐⭐⭐ Moderate (55.3% • 3.2★)
M&M,Mahindra & Mahindra,Stock,55.2,29,0.95,1.67,⭐⭐⭐ Moderate (55.2% • 3.2★)
SHRIRAMFIN,Shriram Finance,Stock,54.8,31,1.07,1.58,⭐⭐⭐ Moderate (54.8% • 3.2★)
MAZDOCK,Mazagon Dock Shipbuilders,Stock,54.8,42,1.38,1.76,⭐⭐⭐ Moderate (54.8% • 3.2★)
LICHSGFIN,LIC Housing Finance,Stock,54.8,42,0.8,1.53,⭐⭐⭐ Moderate (54.8% • 3.2★)
NAVINFLUOR,Navin Fluorine International,Stock,54.8,31,1.1,1.89,⭐⭐⭐ Moderate (54.8% • 3.2★)
FEDERALBNK,Federal Bank,Stock,54.5,22,0.95,1.77,⭐⭐⭐ Moderate (54.5% • 3.2★)
KOTAKBANK,Kotak Mahindra Bank,Stock,54.3,46,0.42,1.38,⭐⭐⭐ Moderate (54.3% • 3.2★)
INDIGO,InterGlobe Aviation (IndiGo),Stock,54.3,35,1.04,1.77,⭐⭐⭐ Moderate (54.3% • 3.2★)
NMDC,NMDC Ltd,Stock,54.3,35,0.71,1.43,⭐⭐⭐ Moderate (54.3% • 3.2★)
MGL,Mahanagar Gas,Stock,54.3,46,0.92,1.56,⭐⭐⭐ Moderate (54.3% • 3.2★)
NAUKRI,Info Edge (Naukri),Stock,54.2,48,1.0,1.59,⭐⭐⭐ Moderate (54.2% • 3.2★)
NHPC,NHPC Ltd,Stock,54.1,37,0.76,1.58,⭐⭐⭐ Moderate (54.1% • 3.2★)
PERSISTENT,Persistent Systems,Stock,54.1,37,0.6,1.28,⭐⭐⭐ Moderate (54.1% • 3.2★)
KALYANKJIL,Kalyan Jewellers,Stock,54.1,37,0.96,1.44,⭐⭐⭐ Moderate (54.1% • 3.2★)
AUBANK,AU Small Finance Bank,Stock,53.8,39,0.85,1.49,⭐⭐⭐ Moderate (53.8% • 3.2★)
DRREDDY,Dr. Reddy's Labs,Stock,53.7,41,0.54,1.43,⭐⭐⭐ Moderate (53.7% • 3.2★)
MARICO,Marico Ltd,Stock,53.1,32,0.7,1.62,⭐⭐⭐ Moderate (53.1% • 3.2★)
OIL,Oil India,Stock,52.9,34,0.53,1.24,⭐⭐⭐ Moderate (52.9% • 3.2★)
OBEROIRLTY,Oberoi Realty,Stock,52.6,38,0.49,1.26,⭐⭐⭐ Moderate (52.6% • 3.2★)
CENTURYPLY,Century Plyboards,Stock,52.5,40,0.35,1.18,⭐⭐⭐ Moderate (52.5% • 3.2★)
CUMMINSIND,Cummins India,Stock,52.4,21,0.69,1.46,⭐⭐⭐ Moderate (52.4% • 3.2★)
KEI,KEI Industries,Stock,52.4,21,1.0,1.42,⭐⭐⭐ Moderate (52.4% • 3.2★)
ALKEM,Alkem Laboratories,Stock,52.4,42,0.48,1.35,⭐⭐⭐ Moderate (52.4% • 3.2★)
AMBUJACEM,Ambuja Cements,Stock,52.1,48,0.4,1.23,⭐⭐⭐ Moderate (52.1% • 3.2★)
NATCOPHARM,Natco Pharma,Stock,52.1,48,0.24,1.13,⭐⭐⭐ Moderate (52.1% • 3.2★)
LATENTVIEW,Latent View Analytics,Stock,52.1,48,0.63,1.29,⭐⭐⭐ Moderate (52.1% • 3.2★)
MAPMYINDIA,CE Info Systems (MapmyIndia),Stock,52.1,48,0.86,1.47,⭐⭐⭐ Moderate (52.1% • 3.2★)
RELIANCE,Reliance Industries,Stock,51.8,56,0.44,1.42,⭐⭐⭐ Moderate (51.8% • 3.2★)
SUNPHARMA,Sun Pharma,Stock,51.7,29,0.48,1.4,⭐⭐⭐ Moderate (51.7% • 3.2★)
JUBLFOOD,Jubilant FoodWorks (Domino's),Stock,51.7,58,0.62,1.36,⭐⭐⭐ Moderate (51.7% • 3.2★)
NATIONALUM,National Aluminium (NALCO),Stock,51.7,29,0.49,1.23,⭐⭐⭐ Moderate (51.7% • 3.2★)
CIPLA,Cipla Ltd,Stock,51.5,33,0.25,1.21,⭐⭐⭐ Moderate (51.5% • 3.2★)
AXISBANK,Axis Bank,Stock,51.2,41,0.52,1.41,⭐⭐⭐ Moderate (51.2% • 3.2★)
BRITANNIA,Britannia Industries,Stock,51.2,43,0.25,1.21,⭐⭐⭐ Moderate (51.2% • 3.2★)
ADANIPOWER,Adani Power,Stock,51.2,43,0.88,1.47,⭐⭐⭐ Moderate (51.2% • 3.2★)
IOC,Indian Oil Corp,Stock,51.2,43,0.31,1.21,⭐⭐⭐ Moderate (51.2% • 3.2★)
RATNAMANI,Ratnamani Metals & Tubes,Stock,51.2,43,0.93,1.54,⭐⭐⭐ Moderate (51.2% • 3.2★)
GODREJCP,Godrej Consumer Products,Stock,51.1,47,0.52,1.37,⭐⭐⭐ Moderate (51.1% • 3.2★)
HDFCAMC,HDFC Asset Management,Stock,51.0,51,0.53,1.34,⭐⭐⭐ Moderate (51.0% • 3.2★)
LT,Larsen & Toubro,Stock,50.0,32,0.42,1.31,⭐⭐⭐ Moderate (50.0% • 3.2★)
EICHERMOT,Eicher Motors,Stock,50.0,24,0.19,1.12,⭐⭐⭐ Moderate (50.0% • 3.2★)
BEL,Bharat Electronics,Stock,50.0,24,0.6,1.42,⭐⭐⭐ Moderate (50.0% • 3.2★)
COFORGE,Coforge Ltd,Stock,50.0,50,0.44,1.2,⭐⭐⭐ Moderate (50.0% • 3.2★)
TATAELXSI,Tata Elxsi,Stock,50.0,56,0.49,1.31,⭐⭐⭐ Moderate (50.0% • 3.2★)
SKFINDIA,SKF India,Stock,50.0,54,0.38,1.22,⭐⭐⭐ Moderate (50.0% • 3.2★)
SUNDARMFIN,Sundaram Finance,Stock,50.0,34,0.41,1.18,⭐⭐⭐ Moderate (50.0% • 3.2★)
WESTLIFE,Westlife Foodworld (McDonald's),Stock,50.0,48,0.53,1.23,⭐⭐⭐ Moderate (50.0% • 3.2★)
IGL,Indraprastha Gas,Stock,50.0,40,0.87,1.54,⭐⭐⭐ Moderate (50.0% • 3.2★)
HINDZINC,Hindustan Zinc,Stock,50.0,44,0.36,1.21,⭐⭐⭐ Moderate (50.0% • 3.2★)
MRPL,Mangalore Refinery & Petrochem,Stock,50.0,50,0.74,1.34,⭐⭐⭐ Moderate (50.0% • 3.2★)
NLCINDIA,NLC India,Stock,50.0,32,0.75,1.36,⭐⭐⭐ Moderate (50.0% • 3.2★)
PIIND,PI Industries,Stock,49.1,53,0.43,1.29,⭐⭐ Speculative (49.1% • 2.1★)
PIDILITIND,Pidilite Industries,Stock,48.9,45,0.2,1.15,⭐⭐ Speculative (48.9% • 2.1★)
FINEORG,Fine Organic Industries,Stock,48.9,47,0.76,1.49,⭐⭐ Speculative (48.9% • 2.1★)
AFFLE,Affle India,Stock,48.9,47,0.63,1.32,⭐⭐ Speculative (48.9% • 2.1★)
TECHM,Tech Mahindra,Stock,48.8,43,0.12,1.08,⭐⭐ Speculative (48.8% • 2.1★)
INDUSINDBK,IndusInd Bank,Stock,48.7,39,0.68,1.45,⭐⭐ Speculative (48.7% • 2.1★)
BHARATFORG,Bharat Forge,Stock,48.7,39,0.46,1.26,⭐⭐ Speculative (48.7% • 2.1★)
JSWENERGY,JSW Energy,Stock,48.6,35,0.53,1.21,⭐⭐ Speculative (48.6% • 2.1★)
BOSCHLTD,Bosch Ltd,Stock,48.6,35,0.1,1.07,⭐⭐ Speculative (48.6% • 2.1★)
SBILIFE,SBI Life Insurance,Stock,48.6,37,0.26,1.18,⭐⭐ Speculative (48.6% • 2.1★)
M&MFIN,Mahindra Financial Services,Stock,48.6,35,0.24,1.12,⭐⭐ Speculative (48.6% • 2.1★)
HINDALCO,Hindalco Industries,Stock,48.5,33,0.47,1.25,⭐⭐ Speculative (48.5% • 2.1★)
GLENMARK,Glenmark Pharmaceuticals,Stock,48.5,33,0.68,1.4,⭐⭐ Speculative (48.5% • 2.1★)
SIEMENS,Siemens India,Stock,48.4,31,0.34,1.19,⭐⭐ Speculative (48.4% • 2.1★)
BSOFT,Birlasoft Ltd,Stock,48.4,62,0.46,1.21,⭐⭐ Speculative (48.4% • 2.1★)
CGPOWER,CG Power & Industrial,Stock,48.3,29,0.72,1.38,⭐⭐ Speculative (48.3% • 2.1★)
BAJAJ-AUTO,Bajaj Auto,Stock,48.1,27,0.06,1.04,⭐⭐ Speculative (48.1% • 2.1★)
HUDCO,Housing & Urban Dev Corp,Stock,48.1,52,0.28,1.13,⭐⭐ Speculative (48.1% • 2.1★)
GRASIM,Grasim Industries,Stock,48.0,25,0.07,1.04,⭐⭐ Speculative (48.0% • 2.1★)
SAIL,Steel Authority of India,Stock,47.7,44,0.41,1.21,⭐⭐ Speculative (47.7% • 2.1★)
CLEAN,Clean Science & Technology,Stock,47.6,63,0.2,1.12,⭐⭐ Speculative (47.6% • 2.1★)
ABB,ABB India,Stock,47.4,38,0.12,1.06,⭐⭐ Speculative (47.4% • 2.1★)
ASHOKLEY,Ashok Leyland,Stock,47.4,38,0.26,1.15,⭐⭐ Speculative (47.4% • 2.1★)
HOMEFIRST,Home First Finance,Stock,47.4,38,0.32,1.14,⭐⭐ Speculative (47.4% • 2.1★)
SYNGENE,Syngene International,Stock,47.2,53,0.17,1.09,⭐⭐ Speculative (47.2% • 2.1★)
CARBORUNIV,Carborundum Universal,Stock,47.1,51,0.28,1.14,⭐⭐ Speculative (47.1% • 2.1★)
IRCON,Ircon International,Stock,47.1,51,0.36,1.18,⭐⭐ Speculative (47.1% • 2.1★)
DMART,Avenue Supermarts (DMart),Stock,46.9,49,0.21,1.14,⭐⭐ Speculative (46.9% • 2.1★)
LUPIN,Lupin Ltd,Stock,46.9,32,-0.04,0.98,⭐⭐ Speculative (46.9% • 2.1★)
HAVELLS,Havells India,Stock,46.8,47,0.26,1.16,⭐⭐ Speculative (46.8% • 2.1★)
APOLLOHOSP,Apollo Hospitals,Stock,46.7,30,0.35,1.23,⭐⭐ Speculative (46.7% • 2.1★)
SRF,SRF Ltd,Stock,46.7,45,0.23,1.13,⭐⭐ Speculative (46.7% • 2.1★)
ITC,ITC Ltd,Stock,46.5,43,0.06,1.05,⭐⭐ Speculative (46.5% • 2.1★)
HCLTECH,HCL Technologies,Stock,46.5,43,-0.09,0.94,⭐⭐ Speculative (46.5% • 2.1★)
TATAPOWER,Tata Power,Stock,46.5,43,0.29,1.18,⭐⭐ Speculative (46.5% • 2.1★)
HINDPETRO,Hindustan Petroleum (HPCL),Stock,46.5,43,0.3,1.15,⭐⭐ Speculative (46.5% • 2.1★)
TRITURBINE,Triveni Turbine,Stock,46.3,41,0.54,1.23,⭐⭐ Speculative (46.3% • 2.1★)
HEROMOTOCO,Hero MotoCorp,Stock,46.2,39,0.1,1.06,⭐⭐ Speculative (46.2% • 2.1★)
CDSL,CDSL,Stock,46.0,50,0.25,1.14,⭐⭐ Speculative (46.0% • 2.1★)
PRESTIGE,Prestige Estates Projects,Stock,45.9,37,0.07,1.03,⭐⭐ Speculative (45.9% • 2.1★)
PFC,Power Finance Corp,Stock,45.7,35,-0.0,1.0,⭐⭐ Speculative (45.7% • 2.1★)
GRSE,Garden Reach Shipbuilders,Stock,45.7,35,0.12,1.04,⭐⭐ Speculative (45.7% • 2.1★)
AIAENG,AIA Engineering,Stock,45.7,35,-0.09,0.95,⭐⭐ Speculative (45.7% • 2.1★)
POLICYBZR,PB Fintech (Policybazaar),Stock,45.7,35,0.11,1.04,⭐⭐ Speculative (45.7% • 2.1★)
TITAGARH,Titagarh Rail Systems,Stock,45.7,46,0.39,1.15,⭐⭐ Speculative (45.7% • 2.1★)
BAJFINANCE,Bajaj Finance,Stock,45.5,44,0.18,1.12,⭐⭐ Speculative (45.5% • 2.1★)
MOTHERSON,Samvardhana Motherson,Stock,45.5,44,0.26,1.12,⭐⭐ Speculative (45.5% • 2.1★)
BDL,Bharat Dynamics,Stock,45.5,33,0.24,1.09,⭐⭐ Speculative (45.5% • 2.1★)
CANFINHOME,Can Fin Homes,Stock,45.5,44,-0.11,0.95,⭐⭐ Speculative (45.5% • 2.1★)
TORNTPOWER,Torrent Power,Stock,45.5,33,0.3,1.15,⭐⭐ Speculative (45.5% • 2.1★)
WIPRO,Wipro,Stock,45.3,53,0.1,1.07,⭐⭐ Speculative (45.3% • 2.1★)
ASTRAL,Astral Ltd,Stock,45.3,53,0.15,1.08,⭐⭐ Speculative (45.3% • 2.1★)
DEVYANI,Devyani International (KFC),Stock,45.1,51,0.34,1.15,⭐⭐ Speculative (45.1% • 2.1★)
ADANIENT,Adani Enterprises,Stock,45.0,40,0.2,1.08,⭐⭐ Speculative (45.0% • 2.1★)
KPITTECH,KPIT Technologies,Stock,45.0,40,-0.03,0.99,⭐⭐ Speculative (45.0% • 2.1★)
SUPREMEIND,Supreme Industries,Stock,45.0,40,-0.02,0.99,⭐⭐ Speculative (45.0% • 2.1★)
JINDALSAW,Jindal Saw,Stock,45.0,40,0.18,1.08,⭐⭐ Speculative (45.0% • 2.1★)
CESC,CESC Ltd,Stock,45.0,40,-0.14,0.93,⭐⭐ Speculative (45.0% • 2.1★)
LTTS,L&T Technology Services,Stock,44.9,49,-0.16,0.93,⭐⭐ Speculative (44.9% • 2.1★)
SOBHA,Sobha Ltd,Stock,44.9,49,0.23,1.09,⭐⭐ Speculative (44.9% • 2.1★)
ONGC,ONGC,Stock,44.7,38,0.14,1.09,⭐⭐ Speculative (44.7% • 2.1★)
CYIENT,Cyient Ltd,Stock,44.6,56,0.01,1.0,⭐⭐ Speculative (44.6% • 2.1★)
BATAINDIA,Bata India,Stock,44.6,65,0.2,1.14,⭐⭐ Speculative (44.6% • 2.1★)
POWERGRID,Power Grid Corp,Stock,44.4,36,-0.14,0.9,⭐⭐ Speculative (44.4% • 2.1★)
SONACOMS,Sona BLW Precision,Stock,44.4,45,0.0,1.0,⭐⭐ Speculative (44.4% • 2.1★)
MUTHOOTFIN,Muthoot Finance,Stock,44.4,36,0.02,1.01,⭐⭐ Speculative (44.4% • 2.1★)
SJVN,SJVN Ltd,Stock,44.4,54,0.16,1.09,⭐⭐ Speculative (44.4% • 2.1★)
HAL,Hindustan Aeronautics,Stock,44.1,34,-0.01,1.0,⭐⭐ Speculative (44.1% • 2.1★)
CREDITACC,CreditAccess Grameen,Stock,44.1,34,0.15,1.07,⭐⭐ Speculative (44.1% • 2.1★)
MANKIND,Mankind Pharma,Stock,44.0,25,-0.4,0.8,⭐⭐ Speculative (44.0% • 2.1★)
FINCABLES,Finolex Cables,Stock,44.0,50,0.03,1.01,⭐⭐ Speculative (44.0% • 2.1★)
RVNL,Rail Vikas Nigam,Stock,44.0,50,0.29,1.13,⭐⭐ Speculative (44.0% • 2.1★)
INOXWIND,Inox Wind,Stock,43.9,57,0.1,1.04,⭐⭐ Speculative (43.9% • 2.1★)
NAM-INDIA,Nippon Life India AMC,Stock,43.9,41,0.3,1.15,⭐⭐ Speculative (43.9% • 2.1★)
BALKRISIND,Balkrishna Industries,Stock,43.9,41,-0.28,0.86,⭐⭐ Speculative (43.9% • 2.1★)
MPHASIS,Mphasis Ltd,Stock,43.8,48,-0.16,0.93,⭐⭐ Speculative (43.8% • 2.1★)
HINDUNILVR,Hindustan Unilever,Stock,43.6,55,-0.01,0.99,⭐⭐ Speculative (43.6% • 2.1★)
BAJAJFINSV,Bajaj Finserv,Stock,43.6,39,-0.24,0.87,⭐⭐ Speculative (43.6% • 2.1★)
CROMPTON,Crompton Greaves Consumer,Stock,43.6,55,-0.16,0.91,⭐⭐ Speculative (43.6% • 2.1★)
PVRINOX,PVR INOX,Stock,43.6,55,-0.01,0.99,⭐⭐ Speculative (43.6% • 2.1★)
ENDURANCE,Endurance Technologies,Stock,43.5,46,0.06,1.03,⭐⭐ Speculative (43.5% • 2.1★)
ADANIPORTS,Adani Ports & SEZ,Stock,43.2,37,0.08,1.04,⭐⭐ Speculative (43.2% • 2.1★)
FLUOROCHEM,Gujarat Fluorochemicals,Stock,43.2,37,0.28,1.13,⭐⭐ Speculative (43.2% • 2.1★)
TATACHEM,Tata Chemicals,Stock,43.1,58,-0.02,0.99,⭐⭐ Speculative (43.1% • 2.1★)
VBL,Varun Beverages,Stock,42.9,28,-0.19,0.91,⭐⭐ Speculative (42.9% • 2.1★)
ICICIGI,ICICI Lombard General Ins,Stock,42.9,49,-0.14,0.92,⭐⭐ Speculative (42.9% • 2.1★)
THERMAX,Thermax Ltd,Stock,42.9,42,0.07,1.03,⭐⭐ Speculative (42.9% • 2.1★)
DEEPAKNTR,Deepak Nitrite,Stock,42.9,56,-0.22,0.89,⭐⭐ Speculative (42.9% • 2.1★)
AAVAS,Aavas Financiers,Stock,42.9,56,-0.44,0.81,⭐⭐ Speculative (42.9% • 2.1★)
ASIANPAINT,Asian Paints,Stock,42.6,47,-0.13,0.91,⭐⭐ Speculative (42.6% • 2.1★)
PAGEIND,Page Industries (Jockey),Stock,42.6,47,0.11,1.08,⭐⭐ Speculative (42.6% • 2.1★)
JINDALSTEL,Jindal Steel & Power,Stock,42.3,26,-0.19,0.91,⭐⭐ Speculative (42.3% • 2.1★)
KIMS,Krishna Institute of Med Sci,Stock,42.1,38,-0.24,0.89,⭐⭐ Speculative (42.1% • 2.1★)
TATACONSUM,Tata Consumer Products,Stock,41.9,43,-0.23,0.85,⭐⭐ Speculative (41.9% • 2.1★)
LAURUSLABS,Laurus Labs,Stock,41.9,31,0.18,1.08,⭐⭐ Speculative (41.9% • 2.1★)
RECLTD,REC Ltd,Stock,41.7,36,-0.21,0.89,⭐⭐ Speculative (41.7% • 2.1★)
BIOCON,Biocon Ltd,Stock,41.7,48,0.13,1.07,⭐⭐ Speculative (41.7% • 2.1★)
CAMS,CAMS,Stock,41.5,41,-0.61,0.73,⭐⭐ Speculative (41.5% • 2.1★)
DELHIVERY,Delhivery Ltd,Stock,41.5,41,-0.58,0.78,⭐⭐ Speculative (41.5% • 2.1★)
COALINDIA,Coal India,Stock,41.4,29,0.2,1.15,⭐⭐ Speculative (41.4% • 2.1★)
MRF,MRF Ltd,Stock,41.3,46,-0.1,0.93,⭐⭐ Speculative (41.3% • 2.1★)
GODREJPROP,Godrej Properties,Stock,41.2,51,-0.33,0.87,⭐⭐ Speculative (41.2% • 2.1★)
ADANIGREEN,Adani Green Energy,Stock,41.0,39,-0.76,0.78,⭐⭐ Speculative (41.0% • 2.1★)
PAYTM,One97 Communications (Paytm),Stock,41.0,39,-0.14,0.95,⭐⭐ Speculative (41.0% • 2.1★)
TIMKEN,Timken India,Stock,40.9,44,-0.36,0.84,⭐⭐ Speculative (40.9% • 2.1★)
ANGELONE,Angel One,Stock,40.8,49,-0.18,0.94,⭐⭐ Speculative (40.8% • 2.1★)
TRENT,Trent Ltd,Stock,40.5,42,0.12,1.06,⭐⭐ Speculative (40.5% • 2.1★)
HDFCLIFE,HDFC Life Insurance,Stock,40.4,52,-0.25,0.85,⭐⭐ Speculative (40.4% • 2.1★)
HDFCBANK,HDFC Bank,Stock,40.0,50,-0.21,0.84,⭐⭐ Speculative (40.0% • 2.1★)
RRKABEL,R R Kabel,Stock,40.0,25,-0.53,0.77,⭐⭐ Speculative (40.0% • 2.1★)
COROMANDEL,Coromandel International,Stock,40.0,35,-0.39,0.81,⭐⭐ Speculative (40.0% • 2.1★)
CHAMBLFERT,Chambal Fertilisers,Stock,40.0,45,-0.28,0.87,⭐⭐ Speculative (40.0% • 2.1★)
NESTLEIND,Nestle India,Stock,39.4,33,-0.13,0.91,⭐⭐ Speculative (39.4% • 2.1★)
LALPATHLAB,Dr. Lal PathLabs,Stock,39.2,51,-0.6,0.75,⭐⭐ Speculative (39.2% • 2.1★)
COLPAL,Colgate-Palmolive India,Stock,39.0,41,-0.39,0.75,⭐⭐ Speculative (39.0% • 2.1★)
DABUR,Dabur India,Stock,39.0,59,-0.21,0.84,⭐⭐ Speculative (39.0% • 2.1★)
ATGL,Adani Total Gas,Stock,39.0,59,-0.48,0.8,⭐⭐ Speculative (39.0% • 2.1★)
VGUARD,V-Guard Industries,Stock,38.9,36,-0.37,0.82,⭐⭐ Speculative (38.9% • 2.1★)
APLLTD,APL Apollo Tubes,Stock,38.9,54,-0.1,0.95,⭐⭐ Speculative (38.9% • 2.1★)
GLAXO,GlaxoSmithKline Pharma,Stock,38.9,54,-0.59,0.7,⭐⭐ Speculative (38.9% • 2.1★)
INFY,Infosys Ltd,Stock,38.8,49,-0.4,0.75,⭐⭐ Speculative (38.8% • 2.1★)
POONAWALLA,Poonawalla Fincorp,Stock,38.7,31,-0.26,0.9,⭐⭐ Speculative (38.7% • 2.1★)
BPCL,BPCL,Stock,38.5,39,-0.59,0.71,⭐⭐ Speculative (38.5% • 2.1★)
KAJARIACER,Kajaria Ceramics,Stock,38.3,47,-0.47,0.8,⭐⭐ Speculative (38.3% • 2.1★)
MARUTI,Maruti Suzuki,Stock,38.2,34,-0.16,0.89,⭐⭐ Speculative (38.2% • 2.1★)
BHEL,Bharat Heavy Electricals,Stock,38.2,34,-0.53,0.81,⭐⭐ Speculative (38.2% • 2.1★)
ICICIPRULI,ICICI Prudential Life Ins,Stock,37.9,58,-0.53,0.74,⭐⭐ Speculative (37.9% • 2.1★)
CONCOR,Container Corp of India,Stock,37.7,53,-0.36,0.81,⭐⭐ Speculative (37.7% • 2.1★)
BLUESTARCO,Blue Star Ltd,Stock,37.5,24,-0.11,0.95,⭐⭐ Speculative (37.5% • 2.1★)
BSE,BSE Ltd,Stock,37.2,43,-0.39,0.85,⭐⭐ Speculative (37.2% • 2.1★)
EXIDEIND,Exide Industries,Stock,37.0,46,-0.47,0.75,⭐⭐ Speculative (37.0% • 2.1★)
IRFC,Indian Railway Finance,Stock,36.4,55,-0.38,0.79,⭐⭐ Speculative (36.4% • 2.1★)
SANOFI,Sanofi India,Stock,36.1,61,-0.42,0.72,⭐⭐ Speculative (36.1% • 2.1★)
NTPC,NTPC Ltd,Stock,35.7,28,-0.52,0.7,⭐⭐ Speculative (35.7% • 2.1★)
COCHINSHIP,Cochin Shipyard,Stock,35.6,45,-1.04,0.63,⭐⭐ Speculative (35.6% • 2.1★)
SBICARD,SBI Cards & Payment,Stock,34.5,58,-0.64,0.64,⭐⭐ Speculative (34.5% • 2.1★)
METROPOLIS,Metropolis Healthcare,Stock,34.1,44,-1.14,0.59,⭐⭐ Speculative (34.1% • 2.1★)
TCS,Tata Consultancy Services,Stock,32.7,49,-0.64,0.6,⭐⭐ Speculative (32.7% • 2.1★)
SUZLON,Suzlon Energy,Stock,31.9,47,-0.81,0.74,⭐⭐ Speculative (31.9% • 2.1★)
DIXON,Dixon Technologies,Stock,30.8,39,-1.27,0.57,⭐⭐ Speculative (30.8% • 2.1★)
RELAXO,Relaxo Footwears,Stock,24.2,66,-1.28,0.46,⭐⭐ Speculative (24.2% • 2.1★)
